"Corner","Vin","Temp","DC_gain","UGF","PM","fp1"
"TT",1.8,27,58.0114,4.75E+06,61.172,6456.4
"SS_HH",1.7,0,58.2653,4.22E+06,64.2034,5463.65
"SS_HH",1.7,80,57.7604,3.88E+06,62.5208,5360.43
"FF_LL",1.9,0,58.2156,5.71E+06,59.1377,7722.37
"FF_LL",1.9,80,57.5443,5.11E+06,58.1028,7504.36
"SF_HH",1.7,0,58.2514,4.16E+06,64.7982,5385.3
"SF_HH",1.7,80,57.6717,3.88E+06,62.9022,5404.56
"SF_HH",1.9,0,59.1083,4.36E+06,63.934,5129.11
"SF_HH",1.9,80,58.5196,3.98E+06,62.4214,5050.37
"FS_LL",1.7,0,57.4111,5.62E+06,59.1008,8326.3
"FS_LL",1.7,80,56.6576,5.00E+06,58.1631,8131.37
"FS_LL",1.9,0,58.2907,5.73E+06,58.761,7691.3
"FS_LL",1.9,80,57.6347,5.09E+06,57.8237,7414.8
